{
  "S": [
    [-219.439438509374, -57.9176650067909, 517.009286741167],
    [-206.718243107626, -185.996118240189, 402.103795661335],
    [-218.391677320354, 46.7271522090837, 397.549748171286],
    [21.7910301028015, -159.960595417211, 393.472594621813],
    [2.38654996705536, 110.471407322805, 348.245256050471],
    [213.068874525323, -181.943871344583, 444.703257457446],
    [216.880699563198, 11.5862355072107, 452.368512857672],
    [212.426602757410, -79.2087389806415, 505.618362417849]
  ],
  "Dir": [
    [0.964202201085580, -0.102080295424644, 0.244731952772294],
    [0.984520205216383,  0.119643201794824, 0.128083838890681],
    [0.829588771768258, -0.515986409987597, 0.213402189454898],
    [0.0829830287569756, 0.689052164903222, 0.719945088864770],
    [0.213209288081382, -0.786688977364903, 0.579363661587775],
    [-0.664171608196248, 0.583892983981335, 0.466845861204083],
    [-0.881106133645938, -0.278186582308633,0.382445037456298],
    [-0.934949119875948, -0.132485943880536, 0.329116420005557]
  ],
  "mu": [1, 1, 1, 1, 1, 1, 1, 1],
  "Phi": [54229968.5201271, 40943902.7144921, 39176492.0197441, 34748554.9936707,43119457.2127401, 39409192.5974319, 47548583.0849450, 32084397.6480282],
  "K": [
    [4092.66394448750, 0, 1244.12180883431],
    [0, 4097.97886076197, 903.583728699309],
    [0, 0, 1]
  ]
}
